{"cameraMode":{"drawMode":0,"name":"Shaded","section":"Shading Mode"},"sceneLighting":true,"audioPlay":false,"sceneViewState":{"m_AlwaysRefresh":false,"showFog":true,"showSkybox":true,"showFlares":true,"showImageEffects":true,"showParticleSystems":true,"showVisualEffectGraphs":true,"m_FxEnabled":true},"in2DMode":false,"pivot":{"x":-0.03380322456359863,"y":2.590681552886963,"z":-0.499129056930542},"rotation":{"x":-0.11368723213672638,"y":0.8545007705688477,"z":-0.21074998378753663,"w":-0.46095070242881777},"size":3.9073946475982668,"orthographic":false}